{"quatization_error": 101.12715774839118, "silhouette_score": 0.3671237891333119}